Time_h,Group,LPS_ng_mL,NO_uM,R,G,B,R_over_G,R_over_B,G_over_B,norm_R,norm_G,norm_B,Hue_deg,Saturation,Value
8,Control,0.0,0.895833,155.827,102.571,120.84,1.5192110830546646,1.2895316120489904,0.8488166170142336,0.4108950052473644,0.2704660397955901,0.3186389549570454,339.41753041910766,0.3417636224787745,0.6110862745098039
8,12.5,12.5,1.828125,163.578,113.477,127.936,1.4415079707782195,1.2785924212106052,0.8869825537768884,0.4039052719690067,0.28019635004234666,0.3158983779886467,342.6841779605198,0.30628201836432767,0.6414823529411765
8,25,25.0,1.755208,176.334,122.312,136.227,1.4416737523709857,1.2944130018278315,0.897854316691992,0.40548389989721134,0.28125912622765725,0.31325697387513135,344.54518529487984,0.30636179069266284,0.6915058823529412
8,50,50.0,1.677083,182.463,129.145,143.298,1.4128537690193192,1.2733115605242222,0.9012337925162948,0.40110044712534015,0.28389381542560443,0.3150057374490554,344.07329607262085,0.29221266777374044,0.7155411764705882
8,100,100.0,1.645833,179.219,125.362,140.431,1.4296118440994878,1.2762068204313861,0.8926946329514137,0.40272846574923815,0.2817047630176264,0.31556677123313526,343.21221011196315,0.3005094325936424,0.7028196078431372
8,200,200.0,1.739583,182.424,129.236,143.547,1.4115571512581635,1.2708311563460053,0.9003044299079743,0.4007495491062308,0.2839060032029384,0.31534444769083075,343.85613296232236,0.29156251370433717,0.7153882352941177
12,Control,0.0,0.609375,142.763,90.216,104.56,1.5824576571783278,1.3653691660290743,0.8628156082631981,0.4229526069580108,0.2672757814652529,0.3097716115767363,343.62151978229014,0.36807155915748485,0.5598549019607844
12,12.5,12.5,6.223958,147.639,96.6,105.703,1.528354037267081,1.3967342459532843,0.9138813467924277,0.42189562841842365,0.2760457447234113,0.3020586268581651,349.29877152765533,0.34570133907707323,0.5789764705882353
12,25,25.0,6.630208,145.1,91.86,101.285,1.579577618114522,1.432591203040924,0.9069457471491337,0.4289789945158095,0.2715782938402637,0.2994427116439267,349.3782870022539,0.36691936595451413,0.5690196078431372
12,50,50.0,6.526042,147.223,95.559,104.485,1.5406502788852963,1.4090347896827298,0.9145714695889362,0.42394756772166664,0.27517443350505516,0.3008779987732782,349.63378755032517,0.35092342908377094,0.5773450980392157
12,100,100.0,6.65625,152.172,105.532,114.026,1.4419512564909223,1.3345377370073492,0.9255082174240963,0.4093616334436284,0.2838942243025852,0.3067441422537863,349.07289879931386,0.3064952816549694,0.5967529411764706
12,200,200.0,7.40625,151.68,106.729,115.154,1.4211695040710586,1.3171926290011637,0.926837105094048,0.40603592968254354,0.28570549010474805,0.3082585802127084,348.7544214811684,0.2963541666666667,0.5948235294117648
18,Control,0.0,0.609375,166.129,114.715,128.704,1.4481889901059146,1.2907835032322226,0.8913087394331178,0.4056398761561526,0.28010147772666455,0.31425864611718285,343.67487454778853,0.3094823901907553,0.6514862745098039
18,12.5,12.5,12.46354,169.451,124.372,131.264,1.3624529636895764,1.2909175402242807,0.9474951243295953,0.39862663407725946,0.29258010713101085,0.3087932587917297,350.8267707801859,0.26602970770311174,0.664513725490196
18,25,25.0,12.0,170.707,121.459,128.742,1.4054701586543605,1.3259620015224247,0.9434294946482112,0.40556843775837,0.28856424681878223,0.30586731542284773,351.1269493177388,0.288494320678121,0.6694392156862745
18,50,50.0,12.64583,170.663,121.126,126.916,1.408970823770289,1.3446925525544455,0.954379274480759,0.40759723432965933,0.2892872069834371,0.30311555868690365,352.9870601772413,0.29026209547470744,0.6692666666666667
18,100,100.0,12.5,171.771,120.826,125.55,1.4216393822521642,1.3681481481481481,0.9623735563520509,0.4107909419414703,0.28895579784142894,0.3002532602171007,354.43635292963,0.296586734664175,0.6736117647058824
18,200,200.0,12.6875,167.604,116.737,120.992,1.4357401680701065,1.385248611478445,0.9648323856122718,0.4134970505732324,0.28800270394959204,0.2985002454771756,354.98102895787054,0.30349514331400207,0.6572705882352942
24,Control,0.0,0.614583,172.621,123.83,134.387,1.394015989663248,1.2845066859145602,0.9214432943662705,0.40066335838528633,0.287416615990233,0.3119200256244806,347.01768768830317,0.28264811349719915,0.6769450980392158
24,12.5,12.5,16.85417,176.095,136.564,137.493,1.2894686740282946,1.2807561112202077,0.9932432923857941,0.3911900869039791,0.3033730828697862,0.3054368302262347,358.58996736738254,0.22448678270251848,0.6905686274509804
24,25,25.0,17.08333,179.59,138.997,141.306,1.2920422742936897,1.2709297552828611,0.9836595756726537,0.39050387807598724,0.30223769442022386,0.30725842750378896,356.5870962973912,0.22603151623141599,0.7042745098039216
24,50,50.0,16.25,178.936,139.579,141.833,1.28196935069029,1.2615963844803397,0.9841080707592733,0.388697246430961,0.30320322886164386,0.3080995247073953,356.5637624818965,0.2199501497742209,0.7017098039215687
24,100,100.0,15.03125,172.407,125.386,128.459,1.375009969215064,1.342116940035342,0.9760779704030079,0.4044720024774077,0.29415932359261654,0.3013686739299757,356.07877331405115,0.2727325456622992,0.6761058823529412
24,200,200.0,15.46875,169.696,122.868,125.822,1.38112445876876,1.3486989556675302,0.9765223887714389,0.40559674558900155,0.29367139435831985,0.30073186005267866,356.2150849918852,0.2759522911559495,0.6654745098039215
